-- phpMyAdmin SQL Dump
-- version 5.2.0
-- https://www.phpmyadmin.net/
--
-- Host: 127.0.0.1
-- Generation Time: Dec 01, 2022 at 07:03 PM
-- Server version: 10.4.24-MariaDB
-- PHP Version: 8.1.6

SET SQL_MODE = "NO_AUTO_VALUE_ON_ZERO";
START TRANSACTION;
SET time_zone = "+00:00";


/*!40101 SET @OLD_CHARACTER_SET_CLIENT=@@CHARACTER_SET_CLIENT */;
/*!40101 SET @OLD_CHARACTER_SET_RESULTS=@@CHARACTER_SET_RESULTS */;
/*!40101 SET @OLD_COLLATION_CONNECTION=@@COLLATION_CONNECTION */;
/*!40101 SET NAMES utf8mb4 */;

--
-- Database: `web`
--

-- --------------------------------------------------------

--
-- Table structure for table `attribute_values`
--

CREATE TABLE `attribute_values` (
  `id` bigint(20) UNSIGNED NOT NULL,
  `product_attribute_id` bigint(20) UNSIGNED DEFAULT NULL,
  `value` varchar(255) COLLATE utf8mb4_unicode_ci NOT NULL,
  `product_id` bigint(20) UNSIGNED DEFAULT NULL,
  `created_at` timestamp NULL DEFAULT NULL,
  `updated_at` timestamp NULL DEFAULT NULL
) ENGINE=InnoDB DEFAULT CHARSET=utf8mb4 COLLATE=utf8mb4_unicode_ci;

--
-- Dumping data for table `attribute_values`
--

INSERT INTO `attribute_values` (`id`, `product_attribute_id`, `value`, `product_id`, `created_at`, `updated_at`) VALUES
(1, 2, 'Cấp 1', 24, '2022-11-29 00:04:42', '2022-11-29 00:04:42');

-- --------------------------------------------------------

--
-- Table structure for table `categories`
--

CREATE TABLE `categories` (
  `id` bigint(20) UNSIGNED NOT NULL,
  `name` varchar(255) COLLATE utf8mb4_unicode_ci NOT NULL,
  `slug` varchar(255) COLLATE utf8mb4_unicode_ci NOT NULL,
  `created_at` timestamp NULL DEFAULT NULL,
  `updated_at` timestamp NULL DEFAULT NULL
) ENGINE=InnoDB DEFAULT CHARSET=utf8mb4 COLLATE=utf8mb4_unicode_ci;

--
-- Dumping data for table `categories`
--

INSERT INTO `categories` (`id`, `name`, `slug`, `created_at`, `updated_at`) VALUES
(1, 'Menu chính', 'menu-chinh', '2022-11-19 01:29:23', '2022-11-19 01:29:23'),
(2, 'Menu điểm tâm', 'menu-diem-tam', '2022-11-19 01:29:23', '2022-11-19 01:29:23'),
(3, 'Menu đồ uống', 'menu-do-uong', '2022-11-19 01:29:23', '2022-11-19 01:29:23'),
(4, 'Menu ăn vặt', 'menu-an-vat', '2022-11-19 01:29:23', '2022-11-19 01:29:23')

-- --------------------------------------------------------

--
-- Table structure for table `contacts`
--

CREATE TABLE `contacts` (
  `id` bigint(20) UNSIGNED NOT NULL,
  `name` varchar(255) COLLATE utf8mb4_unicode_ci NOT NULL,
  `email` varchar(255) COLLATE utf8mb4_unicode_ci NOT NULL,
  `phone` varchar(255) COLLATE utf8mb4_unicode_ci NOT NULL,
  `comment` text COLLATE utf8mb4_unicode_ci NOT NULL,
  `created_at` timestamp NULL DEFAULT NULL,
  `updated_at` timestamp NULL DEFAULT NULL
) ENGINE=InnoDB DEFAULT CHARSET=utf8mb4 COLLATE=utf8mb4_unicode_ci;

--
-- Dumping data for table `contacts`
--

INSERT INTO `contacts` (`id`, `name`, `email`, `phone`, `comment`, `created_at`, `updated_at`) VALUES
(1, 'Nguyễn Hiền Đức', 'ducnguyen06112002@gmail.com', '0937811400', 'hey kid.', '2022-11-25 10:00:11', '2022-11-25 10:00:11');

-- --------------------------------------------------------

--
-- Table structure for table `coupons`
--

CREATE TABLE `coupons` (
  `id` bigint(20) UNSIGNED NOT NULL,
  `code` varchar(255) COLLATE utf8mb4_unicode_ci NOT NULL,
  `type` enum('fixed','percent') COLLATE utf8mb4_unicode_ci NOT NULL,
  `value` decimal(8,2) NOT NULL,
  `cart_value` decimal(8,2) NOT NULL,
  `created_at` timestamp NULL DEFAULT NULL,
  `updated_at` timestamp NULL DEFAULT NULL,
  `expiry_date` date NOT NULL DEFAULT curdate()
) ENGINE=InnoDB DEFAULT CHARSET=utf8mb4 COLLATE=utf8mb4_unicode_ci;

--
-- Dumping data for table `coupons`
--

-- INSERT INTO `coupons` (`id`, `code`, `type`, `value`, `cart_value`, `created_at`, `updated_at`, `expiry_date`) VALUES
-- (1, 'OFF100', 'fixed', '100.00', '1000.00', '2022-11-23 02:52:04', '2022-11-23 04:35:50', '2022-11-24'),
-- (3, 'OFF20P', 'percent', '20.00', '1200.00', '2022-11-23 02:54:37', '2022-11-23 02:54:37', '2022-11-23'),
-- (4, 'OFF30P', 'percent', '30.00', '1500.00', '2022-11-23 04:27:29', '2022-11-23 04:32:36', '2022-12-01');

-- --------------------------------------------------------

--
-- Table structure for table `failed_jobs`
--

CREATE TABLE `failed_jobs` (
  `id` bigint(20) UNSIGNED NOT NULL,
  `uuid` varchar(255) COLLATE utf8mb4_unicode_ci NOT NULL,
  `connection` text COLLATE utf8mb4_unicode_ci NOT NULL,
  `queue` text COLLATE utf8mb4_unicode_ci NOT NULL,
  `payload` longtext COLLATE utf8mb4_unicode_ci NOT NULL,
  `exception` longtext COLLATE utf8mb4_unicode_ci NOT NULL,
  `failed_at` timestamp NOT NULL DEFAULT current_timestamp()
) ENGINE=InnoDB DEFAULT CHARSET=utf8mb4 COLLATE=utf8mb4_unicode_ci;

-- --------------------------------------------------------

--
-- Table structure for table `home_categories`
--

CREATE TABLE `home_categories` (
  `id` bigint(20) UNSIGNED NOT NULL,
  `sel_categories` varchar(255) COLLATE utf8mb4_unicode_ci NOT NULL,
  `no_of_products` int(11) NOT NULL,
  `created_at` timestamp NULL DEFAULT NULL,
  `updated_at` timestamp NULL DEFAULT NULL
) ENGINE=InnoDB DEFAULT CHARSET=utf8mb4 COLLATE=utf8mb4_unicode_ci;

--
-- Dumping data for table `home_categories`
--

INSERT INTO `home_categories` (`id`, `sel_categories`, `no_of_products`, `created_at`, `updated_at`) VALUES
(1, '1,2,3,4', 6, '2022-11-21 07:50:54', '2022-11-21 01:05:31');

-- --------------------------------------------------------

--
-- Table structure for table `home_sliders`
--

CREATE TABLE `home_sliders` (
  `id` bigint(20) UNSIGNED NOT NULL,
  `title` varchar(255) COLLATE utf8mb4_unicode_ci NOT NULL,
  `subtitle` varchar(255) COLLATE utf8mb4_unicode_ci NOT NULL,
  `price` varchar(255) COLLATE utf8mb4_unicode_ci NOT NULL,
  `link` varchar(255) COLLATE utf8mb4_unicode_ci NOT NULL,
  `image` varchar(255) COLLATE utf8mb4_unicode_ci NOT NULL,
  `status` tinyint(1) NOT NULL,
  `created_at` timestamp NULL DEFAULT NULL,
  `updated_at` timestamp NULL DEFAULT NULL
) ENGINE=InnoDB DEFAULT CHARSET=utf8mb4 COLLATE=utf8mb4_unicode_ci;

-- --------------------------------------------------------

--
-- Table structure for table `migrations`
--

CREATE TABLE `migrations` (
  `id` int(10) UNSIGNED NOT NULL,
  `migration` varchar(255) COLLATE utf8mb4_unicode_ci NOT NULL,
  `batch` int(11) NOT NULL
) ENGINE=InnoDB DEFAULT CHARSET=utf8mb4 COLLATE=utf8mb4_unicode_ci;

--
-- Dumping data for table `migrations`
--

INSERT INTO `migrations` (`id`, `migration`, `batch`) VALUES
(1, '2014_10_12_000000_create_users_table', 1),
(2, '2014_10_12_100000_create_password_resets_table', 1),
(3, '2014_10_12_200000_add_two_factor_columns_to_users_table', 1),
(4, '2019_08_19_000000_create_failed_jobs_table', 1),
(5, '2019_12_14_000001_create_personal_access_tokens_table', 1),
(6, '2022_11_18_163136_create_sessions_table', 1),
(7, '2022_11_19_014445_create_categories_table', 2),
(8, '2022_11_19_080641_create_products_table', 2),
(9, '2022_11_21_040718_create_home_sliders_table', 3),
(10, '2022_11_21_074609_create_home_categories_table', 4),
(11, '2022_11_21_140406_create_sales_table', 5),
(12, '2022_11_23_012037_create_coupons_table', 6),
(13, '2022_11_23_104223_add_expiry_date_to_coupons_table', 7),
(14, '2022_11_23_113759_create_orders_table', 8),
(15, '2022_11_23_113814_create_order_items_table', 8),
(16, '2022_11_23_113833_create_shippings_table', 8),
(17, '2022_11_23_113845_create_transactions_table', 8),
(18, '2022_11_25_023746_add_delivered_canceled_date_to_orders_table', 9),
(19, '2022_11_25_144511_create_reviews_table', 10),
(20, '2022_11_25_145450_add_rstatus_to_order_items_table', 10),
(21, '2022_11_25_163130_create_contacts_table', 11),
(22, '2022_11_25_170600_create_settings_table', 12),
(23, '2022_11_27_171434_create_shoppingcart_table', 13),
(24, '2022_11_28_081849_create_subcategories_table', 14),
(25, '2022_11_28_095732_add_subcategory_id_to_products_table', 15),
(26, '2022_11_28_122153_create_profiles_table', 16),
(27, '2022_11_28_165845_create_product_attributes_table', 17),
(28, '2022_11_28_182201_create_attribute_values_table', 18),
(29, '2022_11_29_072451_add_options_to_order_items_table', 19);

-- --------------------------------------------------------

--
-- Table structure for table `orders`
--

CREATE TABLE `orders` (
  `id` bigint(20) UNSIGNED NOT NULL,
  `user_id` bigint(20) UNSIGNED NOT NULL,
  `subtotal` decimal(8,2) NOT NULL,
  `discount` decimal(8,2) NOT NULL DEFAULT 0.00,
  `tax` decimal(8,2) NOT NULL,
  `total` decimal(8,2) NOT NULL,
  `first_name` varchar(255) COLLATE utf8mb4_unicode_ci NOT NULL,
  `last_name` varchar(255) COLLATE utf8mb4_unicode_ci NOT NULL,
  `mobile` varchar(255) COLLATE utf8mb4_unicode_ci NOT NULL,
  `email` varchar(255) COLLATE utf8mb4_unicode_ci NOT NULL,
  `line1` varchar(255) COLLATE utf8mb4_unicode_ci NOT NULL,
  `line2` varchar(255) COLLATE utf8mb4_unicode_ci DEFAULT NULL,
  `city` varchar(255) COLLATE utf8mb4_unicode_ci NOT NULL,
  `province` varchar(255) COLLATE utf8mb4_unicode_ci NOT NULL,
  `country` varchar(255) COLLATE utf8mb4_unicode_ci NOT NULL,
  `zip_code` varchar(255) COLLATE utf8mb4_unicode_ci NOT NULL,
  `status` enum('ordered','delivered','canceled') COLLATE utf8mb4_unicode_ci NOT NULL DEFAULT 'ordered',
  `is_shipping_different` tinyint(1) NOT NULL DEFAULT 0,
  `created_at` timestamp NULL DEFAULT NULL,
  `updated_at` timestamp NULL DEFAULT NULL,
  `delivered_date` date DEFAULT NULL,
  `canceled_date` date DEFAULT NULL
) ENGINE=InnoDB DEFAULT CHARSET=utf8mb4 COLLATE=utf8mb4_unicode_ci;

--
-- Dumping data for table `orders`
--

INSERT INTO `orders` (`id`, `user_id`, `subtotal`, `discount`, `tax`, `total`, `first_name`, `last_name`, `mobile`, `email`, `line1`, `line2`, `city`, `province`, `country`, `zip_code`, `status`, `is_shipping_different`, `created_at`, `updated_at`, `delivered_date`, `canceled_date`) VALUES
(1, 1, '490.00', '0.00', '102.90', '592.90', 'Duc', 'Nguyen', '0937811400', '20520450@gm.uit.edu.vn', 'test1', 'test2', 'Ho Chi Minh City', '12', 'Vietnam', '70000', 'canceled', 1, '2022-11-23 21:35:43', '2022-11-24 22:43:02', NULL, '2022-11-25'),
(2, 3, '425.00', '0.00', '89.25', '514.25', 'Duc', 'Nguyen', '0931222333', 'ducnh.hindu@gmail.com', 'test1', 'test2', 'Ho Chi Minh City', '12', 'Vietnam', '70050', 'delivered', 0, '2022-11-24 08:58:13', '2022-11-24 22:42:15', '2022-11-25', NULL),
(3, 3, '473.00', '0.00', '99.33', '572.33', 'Đức', 'Nguyễn', '0931222333', 'ducnh.hindu@gmail.com', 'demo1', 'demo2', 'Ho Chi Minh City', '12', 'Vietnam', '70000', 'canceled', 0, '2022-11-25 07:40:02', '2022-11-25 07:40:33', NULL, '2022-11-25'),
(4, 3, '490.00', '0.00', '102.90', '592.90', 'Duc', 'Nguyen', '0937811400', '20520450@gm.uit.edu.vn', 'TEST', 'TEST2', 'Ho Chi Minh City', '12', 'Vietnam', '70000', 'ordered', 0, '2022-11-27 09:56:54', '2022-11-27 09:56:54', NULL, NULL),
(5, 3, '555.00', '0.00', '116.55', '671.55', 'Duc', 'Nguyen', '0937811400', '20520450@gm.uit.edu.vn', 'sub1', 'sub2', 'Ho Chi Minh City', '12', 'Vietnam', '70000', 'ordered', 0, '2022-11-27 10:04:12', '2022-11-27 10:04:12', NULL, NULL),
(6, 1, '555.00', '0.00', '116.55', '671.55', 'Duc', 'Nguyen', '0937811400', '20520450@gm.uit.edu.vn', 'demo1', 'TEST', 'Ho Chi Minh City', '12', 'Vietnam', '70000', 'ordered', 0, '2022-11-27 10:04:50', '2022-11-27 10:04:50', NULL, NULL),
(7, 1, '850.00', '0.00', '178.50', '1028.50', 'Duc', 'Nguyen', '0937811400', '20520450@gm.uit.edu.vn', '98890', 'TEST', 'Ho Chi Minh City', '12', 'Vietnam', '70000', 'ordered', 0, '2022-11-27 10:08:26', '2022-11-27 10:08:26', NULL, NULL),
(8, 2, '850.00', '0.00', '178.50', '1028.50', 'Duc', 'Nguyen', '0931123456', 'ducnguyen06112002@gmail.com', 'Line 1', 'Line2', 'Ho Chi Minh City', 'false', 'Vietnam', '70050', 'ordered', 0, '2022-11-29 02:10:13', '2022-11-29 02:10:13', NULL, NULL);

-- --------------------------------------------------------

--
-- Table structure for table `order_items`
--

CREATE TABLE `order_items` (
  `id` bigint(20) UNSIGNED NOT NULL,
  `product_id` bigint(20) UNSIGNED NOT NULL,
  `order_id` bigint(20) UNSIGNED NOT NULL,
  `price` decimal(8,2) NOT NULL,
  `quantity` int(11) NOT NULL,
  `created_at` timestamp NULL DEFAULT NULL,
  `updated_at` timestamp NULL DEFAULT NULL,
  `rstatus` tinyint(1) NOT NULL DEFAULT 0,
  `options` longtext COLLATE utf8mb4_unicode_ci DEFAULT NULL
) ENGINE=InnoDB DEFAULT CHARSET=utf8mb4 COLLATE=utf8mb4_unicode_ci;

--
-- Dumping data for table `order_items`
--

INSERT INTO `order_items` (`id`, `product_id`, `order_id`, `price`, `quantity`, `created_at`, `updated_at`, `rstatus`, `options`) VALUES
(9, 1, 1, '50000', 2, '2022-11-24 08:58:13', '2022-11-25 08:42:38', 1, NULL);

-- --------------------------------------------------------

--
-- Table structure for table `password_resets`
--

CREATE TABLE `password_resets` (
  `email` varchar(255) COLLATE utf8mb4_unicode_ci NOT NULL,
  `token` varchar(255) COLLATE utf8mb4_unicode_ci NOT NULL,
  `created_at` timestamp NULL DEFAULT NULL
) ENGINE=InnoDB DEFAULT CHARSET=utf8mb4 COLLATE=utf8mb4_unicode_ci;

-- --------------------------------------------------------

--
-- Table structure for table `personal_access_tokens`
--

CREATE TABLE `personal_access_tokens` (
  `id` bigint(20) UNSIGNED NOT NULL,
  `tokenable_type` varchar(255) COLLATE utf8mb4_unicode_ci NOT NULL,
  `tokenable_id` bigint(20) UNSIGNED NOT NULL,
  `name` varchar(255) COLLATE utf8mb4_unicode_ci NOT NULL,
  `token` varchar(64) COLLATE utf8mb4_unicode_ci NOT NULL,
  `abilities` text COLLATE utf8mb4_unicode_ci DEFAULT NULL,
  `last_used_at` timestamp NULL DEFAULT NULL,
  `expires_at` timestamp NULL DEFAULT NULL,
  `created_at` timestamp NULL DEFAULT NULL,
  `updated_at` timestamp NULL DEFAULT NULL
) ENGINE=InnoDB DEFAULT CHARSET=utf8mb4 COLLATE=utf8mb4_unicode_ci;

-- --------------------------------------------------------

--
-- Table structure for table `products`
--

CREATE TABLE `products` (
  `id` bigint(20) UNSIGNED NOT NULL,
  `name` varchar(255) COLLATE utf8mb4_unicode_ci NOT NULL,
  `slug` varchar(255) COLLATE utf8mb4_unicode_ci NOT NULL,
  `short_description` varchar(255) COLLATE utf8mb4_unicode_ci DEFAULT NULL,
  `description` text COLLATE utf8mb4_unicode_ci NOT NULL,
  `regular_price` decimal(8,2) DEFAULT NULL,
  `sale_price` decimal(8,2) DEFAULT NULL,
  `SKU` varchar(255) COLLATE utf8mb4_unicode_ci NOT NULL,
  `stock_status` enum('in_stock','out_stock') COLLATE utf8mb4_unicode_ci NOT NULL,
  `featured` tinyint(1) NOT NULL DEFAULT 0,
  `quantity` int(10) UNSIGNED NOT NULL DEFAULT 10,
  `image` varchar(255) COLLATE utf8mb4_unicode_ci DEFAULT NULL,
  `images` text COLLATE utf8mb4_unicode_ci DEFAULT NULL,
  `category_id` bigint(20) UNSIGNED DEFAULT NULL,
  `created_at` timestamp NULL DEFAULT NULL,
  `updated_at` timestamp NULL DEFAULT NULL,
  `subcategory_id` bigint(20) UNSIGNED DEFAULT NULL
) ENGINE=InnoDB DEFAULT CHARSET=utf8mb4 COLLATE=utf8mb4_unicode_ci;

--
-- Dumping data for table `products`
--

INSERT INTO `products` (`id`, `name`, `slug`, `short_description`, `description`, `regular_price`, `sale_price`, `SKU`, `stock_status`, `featured`, `quantity`, `image`, `images`, `category_id`, `created_at`, `updated_at`, `subcategory_id`) VALUES
(1, 'Cơm tấm', 'com-tam', 'Cơm tấm Sài Gòn', 'Cơm tấm Sài Gòn có nguồn gốc không rõ', '42000', '40000', 'DIGI416', 'in_stock', 0, 187, 'digital_13.jpg', NULL, 1, '2022-11-19 01:33:26', '2022-11-22 00:32:34', 1);

-- --------------------------------------------------------

--
-- Table structure for table `product_attributes`
--

CREATE TABLE `product_attributes` (
  `id` bigint(20) UNSIGNED NOT NULL,
  `name` varchar(255) COLLATE utf8mb4_unicode_ci NOT NULL,
  `created_at` timestamp NULL DEFAULT NULL,
  `updated_at` timestamp NULL DEFAULT NULL
) ENGINE=InnoDB DEFAULT CHARSET=utf8mb4 COLLATE=utf8mb4_unicode_ci;

--
-- Dumping data for table `product_attributes`
--

INSERT INTO `product_attributes` (`id`, `name`, `created_at`, `updated_at`) VALUES
(1, 'Cay', '2022-11-28 23:50:22', '2022-11-28 23:50:22');

-- --------------------------------------------------------

--
-- Table structure for table `profiles`
--

CREATE TABLE `profiles` (
  `id` bigint(20) UNSIGNED NOT NULL,
  `user_id` bigint(20) UNSIGNED NOT NULL,
  `image` varchar(255) COLLATE utf8mb4_unicode_ci DEFAULT NULL,
  `mobile` varchar(255) COLLATE utf8mb4_unicode_ci DEFAULT NULL,
  `line1` varchar(255) COLLATE utf8mb4_unicode_ci DEFAULT NULL,
  `line2` varchar(255) COLLATE utf8mb4_unicode_ci DEFAULT NULL,
  `city` varchar(255) COLLATE utf8mb4_unicode_ci DEFAULT NULL,
  `province` varchar(255) COLLATE utf8mb4_unicode_ci DEFAULT NULL,
  `country` varchar(255) COLLATE utf8mb4_unicode_ci DEFAULT NULL,
  `zip_code` varchar(255) COLLATE utf8mb4_unicode_ci DEFAULT NULL,
  `created_at` timestamp NULL DEFAULT NULL,
  `updated_at` timestamp NULL DEFAULT NULL
) ENGINE=InnoDB DEFAULT CHARSET=utf8mb4 COLLATE=utf8mb4_unicode_ci;

--
-- Dumping data for table `profiles`
--

INSERT INTO `profiles` (`id`, `user_id`, `image`, `mobile`, `line1`, `line2`, `city`, `province`, `country`, `zip_code`, `created_at`, `updated_at`) VALUES
(1, 2, NULL, NULL, NULL, NULL, NULL, NULL, NULL, NULL, '2022-11-28 05:53:10', '2022-11-28 05:53:10'),
(2, 5, NULL, NULL, NULL, NULL, NULL, NULL, NULL, NULL, '2022-12-01 00:55:03', '2022-12-01 00:55:03');

-- --------------------------------------------------------

--
-- Table structure for table `reviews`
--

CREATE TABLE `reviews` (
  `id` bigint(20) UNSIGNED NOT NULL,
  `rating` int(11) NOT NULL,
  `comment` text COLLATE utf8mb4_unicode_ci NOT NULL,
  `order_item_id` bigint(20) UNSIGNED NOT NULL,
  `created_at` timestamp NULL DEFAULT NULL,
  `updated_at` timestamp NULL DEFAULT NULL
) ENGINE=InnoDB DEFAULT CHARSET=utf8mb4 COLLATE=utf8mb4_unicode_ci;

--
-- Dumping data for table `reviews`
--

INSERT INTO `reviews` (`id`, `rating`, `comment`, `order_item_id`, `created_at`, `updated_at`) VALUES
(1, 4, 'Nice products.', 13, '2022-11-25 08:42:38', '2022-11-25 08:42:38');

-- --------------------------------------------------------

--
-- Table structure for table `sales`
--

CREATE TABLE `sales` (
  `id` bigint(20) UNSIGNED NOT NULL,
  `sale_date` datetime NOT NULL,
  `status` tinyint(1) NOT NULL,
  `created_at` timestamp NULL DEFAULT NULL,
  `updated_at` timestamp NULL DEFAULT NULL
) ENGINE=InnoDB DEFAULT CHARSET=utf8mb4 COLLATE=utf8mb4_unicode_ci;

--
-- Dumping data for table `sales`
--

INSERT INTO `sales` (`id`, `sale_date`, `status`, `created_at`, `updated_at`) VALUES
(1, '2022-11-27 12:00:00', 1, NULL, '2022-11-22 01:18:23');

-- --------------------------------------------------------

--
-- Table structure for table `sessions`
--

CREATE TABLE `sessions` (
  `id` varchar(255) COLLATE utf8mb4_unicode_ci NOT NULL,
  `user_id` bigint(20) UNSIGNED DEFAULT NULL,
  `ip_address` varchar(45) COLLATE utf8mb4_unicode_ci DEFAULT NULL,
  `user_agent` text COLLATE utf8mb4_unicode_ci DEFAULT NULL,
  `payload` longtext COLLATE utf8mb4_unicode_ci NOT NULL,
  `last_activity` int(11) NOT NULL
) ENGINE=InnoDB DEFAULT CHARSET=utf8mb4 COLLATE=utf8mb4_unicode_ci;

--
-- Dumping data for table `sessions`
--

INSERT INTO `sessions` (`id`, `user_id`, `ip_address`, `user_agent`, `payload`, `last_activity`) VALUES
('7VpDrsYybXNw5iTG3nKKkCyyjqgkw9T8wj1qBojA', NULL, '127.0.0.1', 'Mozilla/5.0 (Windows NT 10.0; Win64; x64) AppleWebKit/537.36 (KHTML, like Gecko) Chrome/107.0.0.0 Safari/537.36 Edg/107.0.1418.56', 'YTozOntzOjY6Il90b2tlbiI7czo0MDoiUWdIT3BFdUMxSnNxbzhiRlJUTUVlVVlUSUo5WXFKcVMwb3JiNW1KNyI7czo2OiJfZmxhc2giO2E6Mjp7czozOiJvbGQiO2E6MDp7fXM6MzoibmV3IjthOjA6e319czo5OiJfcHJldmlvdXMiO2E6MTp7czozOiJ1cmwiO3M6MjE6Imh0dHA6Ly8xMjcuMC4wLjE6ODAwMCI7fX0=', 1669905584),
('gYxFiCW6UPSHVZx0gezl0vFpgnayTOHh8m1nsMnm', NULL, '127.0.0.1', 'PostmanRuntime/7.29.0', 'YTozOntzOjY6Il90b2tlbiI7czo0MDoiSXNLVXhjSDA4ckNVWUIzZlRDeVk1UWZrQ0F5QnNpaXA3UzFQZE1aUyI7czo5OiJfcHJldmlvdXMiO2E6MTp7czozOiJ1cmwiO3M6MjE6Imh0dHA6Ly9sb2NhbGhvc3Q6ODAwMCI7fXM6NjoiX2ZsYXNoIjthOjI6e3M6Mzoib2xkIjthOjA6e31zOjM6Im5ldyI7YTowOnt9fX0=', 1669903214),
('ioKFVFDkCwAsMGvKqMtukfynbXIhhucnYsLV5AVk', NULL, '127.0.0.1', 'Mozilla/5.0 (Windows NT 10.0; Win64; x64) AppleWebKit/537.36 (KHTML, like Gecko) Chrome/107.0.0.0 Safari/537.36 Edg/107.0.1418.56', 'YTozOntzOjY6Il90b2tlbiI7czo0MDoiWHNqbXpMMFhiaHNnd2tGWHBKS0lOZ1pGNkRMQm9EN2ZubkUzZWdISCI7czo5OiJfcHJldmlvdXMiO2E6MTp7czozOiJ1cmwiO3M6MjE6Imh0dHA6Ly8xMjcuMC4wLjE6ODAwMCI7fXM6NjoiX2ZsYXNoIjthOjI6e3M6Mzoib2xkIjthOjA6e31zOjM6Im5ldyI7YTowOnt9fX0=', 1669913971);

-- --------------------------------------------------------

--
-- Table structure for table `settings`
--

CREATE TABLE `settings` (
  `id` bigint(20) UNSIGNED NOT NULL,
  `email` varchar(255) COLLATE utf8mb4_unicode_ci NOT NULL,
  `phone` varchar(255) COLLATE utf8mb4_unicode_ci NOT NULL,
  `phone2` varchar(255) COLLATE utf8mb4_unicode_ci NOT NULL,
  `address` varchar(255) COLLATE utf8mb4_unicode_ci NOT NULL,
  `map` varchar(512) COLLATE utf8mb4_unicode_ci NOT NULL,
  `twitter` varchar(255) COLLATE utf8mb4_unicode_ci NOT NULL,
  `facebook` varchar(255) COLLATE utf8mb4_unicode_ci NOT NULL,
  `pinterest` varchar(255) COLLATE utf8mb4_unicode_ci NOT NULL,
  `instagram` varchar(255) COLLATE utf8mb4_unicode_ci NOT NULL,
  `youtube` varchar(255) COLLATE utf8mb4_unicode_ci NOT NULL,
  `created_at` timestamp NULL DEFAULT NULL,
  `updated_at` timestamp NULL DEFAULT NULL
) ENGINE=InnoDB DEFAULT CHARSET=utf8mb4 COLLATE=utf8mb4_unicode_ci;

--
-- Dumping data for table `settings`
--

INSERT INTO `settings` (`id`, `email`, `phone`, `phone2`, `address`, `map`, `twitter`, `facebook`, `pinterest`, `instagram`, `youtube`, `created_at`, `updated_at`) VALUES
(1, 'ducnh.hindu@gmail.com', '0937811400', '0715619067', 'Trường Đại học Công nghệ Thông tin - ĐHQG TP.HCM', 'https://www.google.com/maps/brZ9YrGAWL4gfWQd7', '#', '#', '#', '#', '#', NULL, '2022-11-26 05:51:15');

-- --------------------------------------------------------

--
-- Table structure for table `shippings`
--

CREATE TABLE `shippings` (
  `id` bigint(20) UNSIGNED NOT NULL,
  `order_id` bigint(20) UNSIGNED NOT NULL,
  `first_name` varchar(255) COLLATE utf8mb4_unicode_ci NOT NULL,
  `last_name` varchar(255) COLLATE utf8mb4_unicode_ci NOT NULL,
  `email` varchar(255) COLLATE utf8mb4_unicode_ci NOT NULL,
  `mobile` varchar(255) COLLATE utf8mb4_unicode_ci NOT NULL,
  `line1` varchar(255) COLLATE utf8mb4_unicode_ci NOT NULL,
  `line2` varchar(255) COLLATE utf8mb4_unicode_ci DEFAULT NULL,
  `city` varchar(255) COLLATE utf8mb4_unicode_ci NOT NULL,
  `province` varchar(255) COLLATE utf8mb4_unicode_ci NOT NULL,
  `country` varchar(255) COLLATE utf8mb4_unicode_ci NOT NULL,
  `zip_code` varchar(255) COLLATE utf8mb4_unicode_ci NOT NULL,
  `created_at` timestamp NULL DEFAULT NULL,
  `updated_at` timestamp NULL DEFAULT NULL
) ENGINE=InnoDB DEFAULT CHARSET=utf8mb4 COLLATE=utf8mb4_unicode_ci;

--
-- Dumping data for table `shippings`
--

INSERT INTO `shippings` (`id`, `order_id`, `first_name`, `last_name`, `email`, `mobile`, `line1`, `line2`, `city`, `province`, `country`, `zip_code`, `created_at`, `updated_at`) VALUES
(3, 3, 'Duc', 'Nguyen', 'ducnh.hindu@gmail.com', '0931222333', 'demo1', 'demo2', 'Ho Chi Minh City', '12', 'Vietnam', '70050', '2022-11-23 21:35:43', '2022-11-23 21:35:43');

-- --------------------------------------------------------

--
-- Table structure for table `shoppingcart`
--

CREATE TABLE `shoppingcart` (
  `identifier` varchar(255) COLLATE utf8mb4_unicode_ci NOT NULL,
  `instance` varchar(255) COLLATE utf8mb4_unicode_ci NOT NULL,
  `content` longtext COLLATE utf8mb4_unicode_ci NOT NULL,
  `created_at` timestamp NULL DEFAULT NULL,
  `updated_at` timestamp NULL DEFAULT NULL
) ENGINE=InnoDB DEFAULT CHARSET=utf8mb4 COLLATE=utf8mb4_unicode_ci;

--
-- Dumping data for table `shoppingcart`
--

INSERT INTO `shoppingcart` (`identifier`, `instance`, `content`, `created_at`, `updated_at`) VALUES
('admin@admin.com', 'cart', 'O:29:\"Illuminate\\Support\\Collection\":2:{s:8:\"\0*\0items\";a:0:{}s:28:\"\0*\0escapeWhenCastingToString\";b:0;}', '2022-12-01 03:32:31', NULL),
('admin@admin.com', 'wishlist', 'O:29:\"Illuminate\\Support\\Collection\":2:{s:8:\"\0*\0items\";a:0:{}s:28:\"\0*\0escapeWhenCastingToString\";b:0;}', '2022-11-30 04:15:52', NULL),
('user@user.com', 'cart', 'O:29:\"Illuminate\\Support\\Collection\":2:{s:8:\"\0*\0items\";a:2:{s:32:\"027c91341fd5cf4d2579b49c4b6a90da\";O:32:\"Gloudemans\\Shoppingcart\\CartItem\":9:{s:5:\"rowId\";s:32:\"027c91341fd5cf4d2579b49c4b6a90da\";s:2:\"id\";i:1;s:3:\"qty\";i:2;s:4:\"name\";s:13:\"molestiae nam\";s:5:\"price\";d:490;s:7:\"options\";O:39:\"Gloudemans\\Shoppingcart\\CartItemOptions\":2:{s:8:\"\0*\0items\";a:0:{}s:28:\"\0*\0escapeWhenCastingToString\";b:0;}s:49:\"\0Gloudemans\\Shoppingcart\\CartItem\0associatedModel\";s:18:\"App\\Models\\Product\";s:41:\"\0Gloudemans\\Shoppingcart\\CartItem\0taxRate\";i:21;s:41:\"\0Gloudemans\\Shoppingcart\\CartItem\0isSaved\";b:0;}s:32:\"370d08585360f5c568b18d1f2e4ca1df\";O:32:\"Gloudemans\\Shoppingcart\\CartItem\":9:{s:5:\"rowId\";s:32:\"370d08585360f5c568b18d1f2e4ca1df\";s:2:\"id\";i:2;s:3:\"qty\";i:1;s:4:\"name\";s:14:\"mollitia optio\";s:5:\"price\";d:425;s:7:\"options\";O:39:\"Gloudemans\\Shoppingcart\\CartItemOptions\":2:{s:8:\"\0*\0items\";a:0:{}s:28:\"\0*\0escapeWhenCastingToString\";b:0;}s:49:\"\0Gloudemans\\Shoppingcart\\CartItem\0associatedModel\";s:18:\"App\\Models\\Product\";s:41:\"\0Gloudemans\\Shoppingcart\\CartItem\0taxRate\";i:21;s:41:\"\0Gloudemans\\Shoppingcart\\CartItem\0isSaved\";b:0;}}s:28:\"\0*\0escapeWhenCastingToString\";b:0;}', '2022-11-29 02:00:06', NULL),
('user@user.com', 'wishlist', 'O:29:\"Illuminate\\Support\\Collection\":2:{s:8:\"\0*\0items\";a:2:{s:32:\"6aa0d4b8fac3c55a3e83b7e2b7d1cb97\";O:32:\"Gloudemans\\Shoppingcart\\CartItem\":9:{s:5:\"rowId\";s:32:\"6aa0d4b8fac3c55a3e83b7e2b7d1cb97\";s:2:\"id\";i:24;s:3:\"qty\";i:1;s:4:\"name\";s:18:\"New test product 1\";s:5:\"price\";d:555;s:7:\"options\";O:39:\"Gloudemans\\Shoppingcart\\CartItemOptions\":2:{s:8:\"\0*\0items\";a:0:{}s:28:\"\0*\0escapeWhenCastingToString\";b:0;}s:49:\"\0Gloudemans\\Shoppingcart\\CartItem\0associatedModel\";s:18:\"App\\Models\\Product\";s:41:\"\0Gloudemans\\Shoppingcart\\CartItem\0taxRate\";i:21;s:41:\"\0Gloudemans\\Shoppingcart\\CartItem\0isSaved\";b:0;}s:32:\"370d08585360f5c568b18d1f2e4ca1df\";O:32:\"Gloudemans\\Shoppingcart\\CartItem\":9:{s:5:\"rowId\";s:32:\"370d08585360f5c568b18d1f2e4ca1df\";s:2:\"id\";i:2;s:3:\"qty\";i:1;s:4:\"name\";s:14:\"mollitia optio\";s:5:\"price\";d:425;s:7:\"options\";O:39:\"Gloudemans\\Shoppingcart\\CartItemOptions\":2:{s:8:\"\0*\0items\";a:0:{}s:28:\"\0*\0escapeWhenCastingToString\";b:0;}s:49:\"\0Gloudemans\\Shoppingcart\\CartItem\0associatedModel\";s:18:\"App\\Models\\Product\";s:41:\"\0Gloudemans\\Shoppingcart\\CartItem\0taxRate\";i:21;s:41:\"\0Gloudemans\\Shoppingcart\\CartItem\0isSaved\";b:0;}}s:28:\"\0*\0escapeWhenCastingToString\";b:0;}', '2022-11-29 01:39:32', NULL),
('user2@user.com', 'cart', 'O:29:\"Illuminate\\Support\\Collection\":2:{s:8:\"\0*\0items\";a:1:{s:32:\"370d08585360f5c568b18d1f2e4ca1df\";O:32:\"Gloudemans\\Shoppingcart\\CartItem\":9:{s:5:\"rowId\";s:32:\"370d08585360f5c568b18d1f2e4ca1df\";s:2:\"id\";i:2;s:3:\"qty\";i:1;s:4:\"name\";s:14:\"mollitia optio\";s:5:\"price\";d:425;s:7:\"options\";O:39:\"Gloudemans\\Shoppingcart\\CartItemOptions\":2:{s:8:\"\0*\0items\";a:0:{}s:28:\"\0*\0escapeWhenCastingToString\";b:0;}s:49:\"\0Gloudemans\\Shoppingcart\\CartItem\0associatedModel\";s:18:\"App\\Models\\Product\";s:41:\"\0Gloudemans\\Shoppingcart\\CartItem\0taxRate\";i:21;s:41:\"\0Gloudemans\\Shoppingcart\\CartItem\0isSaved\";b:0;}}s:28:\"\0*\0escapeWhenCastingToString\";b:0;}', '2022-12-01 04:48:14', NULL),
('user2@user.com', 'wishlist', 'O:29:\"Illuminate\\Support\\Collection\":2:{s:8:\"\0*\0items\";a:0:{}s:28:\"\0*\0escapeWhenCastingToString\";b:0;}', '2022-12-01 04:48:14', NULL);

-- --------------------------------------------------------

--
-- Table structure for table `subcategories`
--

CREATE TABLE `subcategories` (
  `id` bigint(20) UNSIGNED NOT NULL,
  `name` varchar(255) COLLATE utf8mb4_unicode_ci NOT NULL,
  `slug` varchar(255) COLLATE utf8mb4_unicode_ci NOT NULL,
  `category_id` bigint(20) UNSIGNED DEFAULT NULL,
  `created_at` timestamp NULL DEFAULT NULL,
  `updated_at` timestamp NULL DEFAULT NULL
) ENGINE=InnoDB DEFAULT CHARSET=utf8mb4 COLLATE=utf8mb4_unicode_ci;

--
-- Dumping data for table `subcategories`
--

INSERT INTO `subcategories` (`id`, `name`, `slug`, `category_id`, `created_at`, `updated_at`) VALUES
(1, 'Lương Thực', 'luong-thuc', 36, '2022-11-28 01:39:42', '2022-11-28 02:56:33'),
(2, 'Rau Củ', 'rau-cu', 36, '2022-11-28 01:41:03', '2022-11-28 02:56:21');

-- --------------------------------------------------------

--
-- Table structure for table `transactions`
--

CREATE TABLE `transactions` (
  `id` bigint(20) UNSIGNED NOT NULL,
  `user_id` bigint(20) UNSIGNED NOT NULL,
  `order_id` bigint(20) UNSIGNED NOT NULL,
  `mode` enum('cod','card','paypal') COLLATE utf8mb4_unicode_ci NOT NULL,
  `status` enum('pending','approved','declined','refunded') COLLATE utf8mb4_unicode_ci NOT NULL DEFAULT 'pending',
  `created_at` timestamp NULL DEFAULT NULL,
  `updated_at` timestamp NULL DEFAULT NULL
) ENGINE=InnoDB DEFAULT CHARSET=utf8mb4 COLLATE=utf8mb4_unicode_ci;

--
-- Dumping data for table `transactions`
--

INSERT INTO `transactions` (`id`, `user_id`, `order_id`, `mode`, `status`, `created_at`, `updated_at`) VALUES
(1, 2, 3, 'cod', 'pending', '2022-11-23 21:35:43', '2022-11-23 21:35:43'),
(2, 2, 13, 'card', 'approved', '2022-11-24 08:58:17', '2022-11-24 08:58:17'),
(3, 2, 14, 'card', 'approved', '2022-11-25 07:40:05', '2022-11-25 07:40:05'),
(4, 2, 15, 'cod', 'pending', '2022-11-27 09:56:54', '2022-11-27 09:56:54'),
(5, 2, 16, 'cod', 'pending', '2022-11-27 10:04:12', '2022-11-27 10:04:12'),
(6, 2, 17, 'cod', 'pending', '2022-11-27 10:04:50', '2022-11-27 10:04:50'),
(7, 2, 18, 'cod', 'pending', '2022-11-27 10:08:26', '2022-11-27 10:08:26'),
(8, 5, 19, 'cod', 'pending', '2022-11-29 02:10:13', '2022-11-29 02:10:13');

-- --------------------------------------------------------

--
-- Table structure for table `users`
--

CREATE TABLE `users` (
  `id` bigint(20) UNSIGNED NOT NULL,
  `name` varchar(255) COLLATE utf8mb4_unicode_ci NOT NULL,
  `email` varchar(255) COLLATE utf8mb4_unicode_ci NOT NULL,
  `email_verified_at` timestamp NULL DEFAULT NULL,
  `password` varchar(255) COLLATE utf8mb4_unicode_ci NOT NULL,
  `two_factor_secret` text COLLATE utf8mb4_unicode_ci DEFAULT NULL,
  `two_factor_recovery_codes` text COLLATE utf8mb4_unicode_ci DEFAULT NULL,
  `two_factor_confirmed_at` timestamp NULL DEFAULT NULL,
  `remember_token` varchar(100) COLLATE utf8mb4_unicode_ci DEFAULT NULL,
  `current_team_id` bigint(20) UNSIGNED DEFAULT NULL,
  `profile_photo_path` varchar(2048) COLLATE utf8mb4_unicode_ci DEFAULT NULL,
  `utype` varchar(255) COLLATE utf8mb4_unicode_ci NOT NULL DEFAULT 'USR' COMMENT 'ADM for Admin and USR for User or Customer',
  `created_at` timestamp NULL DEFAULT NULL,
  `updated_at` timestamp NULL DEFAULT NULL
) ENGINE=InnoDB DEFAULT CHARSET=utf8mb4 COLLATE=utf8mb4_unicode_ci;

--
-- Dumping data for table `users`
--

INSERT INTO `users` (`id`, `name`, `email`, `email_verified_at`, `password`, `two_factor_secret`, `two_factor_recovery_codes`, `two_factor_confirmed_at`, `remember_token`, `current_team_id`, `profile_photo_path`, `utype`, `created_at`, `updated_at`) VALUES
(1, 'Admin', 'admin@admin.com', NULL, '$2y$10$iXSztOs6B7/pwRNRZBLRRupwR8nPlGPP7p7/Euj2H2eILgn.Fsy..', NULL, NULL, NULL, NULL, NULL, NULL, 'ADM', '2022-11-18 09:48:20', '2022-11-18 09:48:20'),
(2, 'User', 'user@user.com', NULL, '$2y$10$ouL.E/kSIkbDOQXJE/nfo.LF7NV4kojh0wsqovBR9OUlvbsAmwike', NULL, NULL, NULL, NULL, NULL, NULL, 'USR', '2022-11-18 09:48:54', '2022-11-25 09:26:47'),
(4, 'Duc Nguyen', '20520450@gm.uit.edu.vn', NULL, '$2y$10$KQlk2jAZ5VWdAJMGbTr6eebQS/5XUwpCK2ktQlt/u7n.OJFbAMjIK', NULL, NULL, NULL, 'd7Dz0QHUN29PgUcauFCkykhcP9fCsa5r6zGFnIpERPAaPXhCcSpCJ7kSAaid', NULL, NULL, 'USR', '2022-11-27 05:14:22', '2022-11-27 05:30:57'),
(5, 'User2', 'user2@user.com', NULL, '$2y$10$N5iPwPBfgLSkC2rjYqkikeQr..Lcvrs6Poa0qwPXZqNHGM4L8LGBS', NULL, NULL, NULL, NULL, NULL, NULL, 'USR', '2022-11-28 05:20:53', '2022-11-28 05:20:53');

--
-- Indexes for dumped tables
--

--
-- Indexes for table `attribute_values`
--
ALTER TABLE `attribute_values`
  ADD PRIMARY KEY (`id`),
  ADD KEY `attribute_values_product_attribute_id_foreign` (`product_attribute_id`),
  ADD KEY `attribute_values_product_id_foreign` (`product_id`);

--
-- Indexes for table `categories`
--
ALTER TABLE `categories`
  ADD PRIMARY KEY (`id`),
  ADD UNIQUE KEY `categories_name_unique` (`name`),
  ADD UNIQUE KEY `categories_slug_unique` (`slug`);

--
-- Indexes for table `contacts`
--
ALTER TABLE `contacts`
  ADD PRIMARY KEY (`id`);

--
-- Indexes for table `coupons`
--
ALTER TABLE `coupons`
  ADD PRIMARY KEY (`id`),
  ADD UNIQUE KEY `coupons_code_unique` (`code`);

--
-- Indexes for table `failed_jobs`
--
ALTER TABLE `failed_jobs`
  ADD PRIMARY KEY (`id`),
  ADD UNIQUE KEY `failed_jobs_uuid_unique` (`uuid`);

--
-- Indexes for table `home_categories`
--
ALTER TABLE `home_categories`
  ADD PRIMARY KEY (`id`);

--
-- Indexes for table `home_sliders`
--
ALTER TABLE `home_sliders`
  ADD PRIMARY KEY (`id`);

--
-- Indexes for table `migrations`
--
ALTER TABLE `migrations`
  ADD PRIMARY KEY (`id`);

--
-- Indexes for table `orders`
--
ALTER TABLE `orders`
  ADD PRIMARY KEY (`id`),
  ADD KEY `orders_user_id_foreign` (`user_id`);

--
-- Indexes for table `order_items`
--
ALTER TABLE `order_items`
  ADD PRIMARY KEY (`id`),
  ADD KEY `order_items_product_id_foreign` (`product_id`),
  ADD KEY `order_items_order_id_foreign` (`order_id`);

--
-- Indexes for table `password_resets`
--
ALTER TABLE `password_resets`
  ADD KEY `password_resets_email_index` (`email`);

--
-- Indexes for table `personal_access_tokens`
--
ALTER TABLE `personal_access_tokens`
  ADD PRIMARY KEY (`id`),
  ADD UNIQUE KEY `personal_access_tokens_token_unique` (`token`),
  ADD KEY `personal_access_tokens_tokenable_type_tokenable_id_index` (`tokenable_type`,`tokenable_id`);

--
-- Indexes for table `products`
--
ALTER TABLE `products`
  ADD PRIMARY KEY (`id`),
  ADD UNIQUE KEY `products_slug_unique` (`slug`),
  ADD KEY `products_category_id_foreign` (`category_id`),
  ADD KEY `products_subcategory_id_foreign` (`subcategory_id`);

--
-- Indexes for table `product_attributes`
--
ALTER TABLE `product_attributes`
  ADD PRIMARY KEY (`id`);

--
-- Indexes for table `profiles`
--
ALTER TABLE `profiles`
  ADD PRIMARY KEY (`id`),
  ADD KEY `profiles_user_id_foreign` (`user_id`);

--
-- Indexes for table `reviews`
--
ALTER TABLE `reviews`
  ADD PRIMARY KEY (`id`),
  ADD KEY `reviews_order_item_id_foreign` (`order_item_id`);

--
-- Indexes for table `sales`
--
ALTER TABLE `sales`
  ADD PRIMARY KEY (`id`);

--
-- Indexes for table `sessions`
--
ALTER TABLE `sessions`
  ADD PRIMARY KEY (`id`),
  ADD KEY `sessions_user_id_index` (`user_id`),
  ADD KEY `sessions_last_activity_index` (`last_activity`);

--
-- Indexes for table `settings`
--
ALTER TABLE `settings`
  ADD PRIMARY KEY (`id`);

--
-- Indexes for table `shippings`
--
ALTER TABLE `shippings`
  ADD PRIMARY KEY (`id`),
  ADD KEY `shippings_order_id_foreign` (`order_id`);

--
-- Indexes for table `shoppingcart`
--
ALTER TABLE `shoppingcart`
  ADD PRIMARY KEY (`identifier`,`instance`);

--
-- Indexes for table `subcategories`
--
ALTER TABLE `subcategories`
  ADD PRIMARY KEY (`id`),
  ADD KEY `subcategories_category_id_foreign` (`category_id`);

--
-- Indexes for table `transactions`
--
ALTER TABLE `transactions`
  ADD PRIMARY KEY (`id`),
  ADD KEY `transactions_user_id_foreign` (`user_id`),
  ADD KEY `transactions_order_id_foreign` (`order_id`);

--
-- Indexes for table `users`
--
ALTER TABLE `users`
  ADD PRIMARY KEY (`id`),
  ADD UNIQUE KEY `users_email_unique` (`email`);

--
-- AUTO_INCREMENT for dumped tables
--

--
-- AUTO_INCREMENT for table `attribute_values`
--
ALTER TABLE `attribute_values`
  MODIFY `id` bigint(20) UNSIGNED NOT NULL AUTO_INCREMENT, AUTO_INCREMENT=2;

--
-- AUTO_INCREMENT for table `categories`
--
ALTER TABLE `categories`
  MODIFY `id` bigint(20) UNSIGNED NOT NULL AUTO_INCREMENT, AUTO_INCREMENT=37;

--
-- AUTO_INCREMENT for table `contacts`
--
ALTER TABLE `contacts`
  MODIFY `id` bigint(20) UNSIGNED NOT NULL AUTO_INCREMENT, AUTO_INCREMENT=2;

--
-- AUTO_INCREMENT for table `coupons`
--
ALTER TABLE `coupons`
  MODIFY `id` bigint(20) UNSIGNED NOT NULL AUTO_INCREMENT, AUTO_INCREMENT=5;

--
-- AUTO_INCREMENT for table `failed_jobs`
--
ALTER TABLE `failed_jobs`
  MODIFY `id` bigint(20) UNSIGNED NOT NULL AUTO_INCREMENT;

--
-- AUTO_INCREMENT for table `home_categories`
--
ALTER TABLE `home_categories`
  MODIFY `id` bigint(20) UNSIGNED NOT NULL AUTO_INCREMENT, AUTO_INCREMENT=2;

--
-- AUTO_INCREMENT for table `home_sliders`
--
ALTER TABLE `home_sliders`
  MODIFY `id` bigint(20) UNSIGNED NOT NULL AUTO_INCREMENT, AUTO_INCREMENT=5;

--
-- AUTO_INCREMENT for table `migrations`
--
ALTER TABLE `migrations`
  MODIFY `id` int(10) UNSIGNED NOT NULL AUTO_INCREMENT, AUTO_INCREMENT=30;

--
-- AUTO_INCREMENT for table `orders`
--
ALTER TABLE `orders`
  MODIFY `id` bigint(20) UNSIGNED NOT NULL AUTO_INCREMENT, AUTO_INCREMENT=20;

--
-- AUTO_INCREMENT for table `order_items`
--
ALTER TABLE `order_items`
  MODIFY `id` bigint(20) UNSIGNED NOT NULL AUTO_INCREMENT, AUTO_INCREMENT=20;

--
-- AUTO_INCREMENT for table `personal_access_tokens`
--
ALTER TABLE `personal_access_tokens`
  MODIFY `id` bigint(20) UNSIGNED NOT NULL AUTO_INCREMENT;

--
-- AUTO_INCREMENT for table `products`
--
ALTER TABLE `products`
  MODIFY `id` bigint(20) UNSIGNED NOT NULL AUTO_INCREMENT, AUTO_INCREMENT=25;

--
-- AUTO_INCREMENT for table `product_attributes`
--
ALTER TABLE `product_attributes`
  MODIFY `id` bigint(20) UNSIGNED NOT NULL AUTO_INCREMENT, AUTO_INCREMENT=3;

--
-- AUTO_INCREMENT for table `profiles`
--
ALTER TABLE `profiles`
  MODIFY `id` bigint(20) UNSIGNED NOT NULL AUTO_INCREMENT, AUTO_INCREMENT=3;

--
-- AUTO_INCREMENT for table `reviews`
--
ALTER TABLE `reviews`
  MODIFY `id` bigint(20) UNSIGNED NOT NULL AUTO_INCREMENT, AUTO_INCREMENT=2;

--
-- AUTO_INCREMENT for table `sales`
--
ALTER TABLE `sales`
  MODIFY `id` bigint(20) UNSIGNED NOT NULL AUTO_INCREMENT, AUTO_INCREMENT=2;

--
-- AUTO_INCREMENT for table `settings`
--
ALTER TABLE `settings`
  MODIFY `id` bigint(20) UNSIGNED NOT NULL AUTO_INCREMENT, AUTO_INCREMENT=2;

--
-- AUTO_INCREMENT for table `shippings`
--
ALTER TABLE `shippings`
  MODIFY `id` bigint(20) UNSIGNED NOT NULL AUTO_INCREMENT, AUTO_INCREMENT=4;

--
-- AUTO_INCREMENT for table `subcategories`
--
ALTER TABLE `subcategories`
  MODIFY `id` bigint(20) UNSIGNED NOT NULL AUTO_INCREMENT, AUTO_INCREMENT=4;

--
-- AUTO_INCREMENT for table `transactions`
--
ALTER TABLE `transactions`
  MODIFY `id` bigint(20) UNSIGNED NOT NULL AUTO_INCREMENT, AUTO_INCREMENT=9;

--
-- AUTO_INCREMENT for table `users`
--
ALTER TABLE `users`
  MODIFY `id` bigint(20) UNSIGNED NOT NULL AUTO_INCREMENT, AUTO_INCREMENT=6;

--
-- Constraints for dumped tables
--

--
-- Constraints for table `attribute_values`
--
ALTER TABLE `attribute_values`
  ADD CONSTRAINT `attribute_values_product_attribute_id_foreign` FOREIGN KEY (`product_attribute_id`) REFERENCES `product_attributes` (`id`) ON DELETE CASCADE,
  ADD CONSTRAINT `attribute_values_product_id_foreign` FOREIGN KEY (`product_id`) REFERENCES `products` (`id`) ON DELETE CASCADE;

--
-- Constraints for table `orders`
--
ALTER TABLE `orders`
  ADD CONSTRAINT `orders_user_id_foreign` FOREIGN KEY (`user_id`) REFERENCES `users` (`id`) ON DELETE CASCADE;

--
-- Constraints for table `order_items`
--
ALTER TABLE `order_items`
  ADD CONSTRAINT `order_items_order_id_foreign` FOREIGN KEY (`order_id`) REFERENCES `orders` (`id`) ON DELETE CASCADE,
  ADD CONSTRAINT `order_items_product_id_foreign` FOREIGN KEY (`product_id`) REFERENCES `products` (`id`) ON DELETE CASCADE;

--
-- Constraints for table `products`
--
ALTER TABLE `products`
  ADD CONSTRAINT `products_category_id_foreign` FOREIGN KEY (`category_id`) REFERENCES `categories` (`id`) ON DELETE CASCADE,
  ADD CONSTRAINT `products_subcategory_id_foreign` FOREIGN KEY (`subcategory_id`) REFERENCES `subcategories` (`id`) ON DELETE CASCADE;

--
-- Constraints for table `profiles`
--
ALTER TABLE `profiles`
  ADD CONSTRAINT `profiles_user_id_foreign` FOREIGN KEY (`user_id`) REFERENCES `users` (`id`) ON DELETE CASCADE;

--
-- Constraints for table `reviews`
--
ALTER TABLE `reviews`
  ADD CONSTRAINT `reviews_order_item_id_foreign` FOREIGN KEY (`order_item_id`) REFERENCES `order_items` (`id`) ON DELETE CASCADE;

--
-- Constraints for table `shippings`
--
ALTER TABLE `shippings`
  ADD CONSTRAINT `shippings_order_id_foreign` FOREIGN KEY (`order_id`) REFERENCES `orders` (`id`) ON DELETE CASCADE;

--
-- Constraints for table `subcategories`
--
ALTER TABLE `subcategories`
  ADD CONSTRAINT `subcategories_category_id_foreign` FOREIGN KEY (`category_id`) REFERENCES `categories` (`id`) ON DELETE CASCADE;

--
-- Constraints for table `transactions`
--
ALTER TABLE `transactions`
  ADD CONSTRAINT `transactions_order_id_foreign` FOREIGN KEY (`order_id`) REFERENCES `orders` (`id`) ON DELETE CASCADE,
  ADD CONSTRAINT `transactions_user_id_foreign` FOREIGN KEY (`user_id`) REFERENCES `users` (`id`) ON DELETE CASCADE;
COMMIT;

/*!40101 SET CHARACTER_SET_CLIENT=@OLD_CHARACTER_SET_CLIENT */;
/*!40101 SET CHARACTER_SET_RESULTS=@OLD_CHARACTER_SET_RESULTS */;
/*!40101 SET COLLATION_CONNECTION=@OLD_COLLATION_CONNECTION */;
